{
  "project_info": {
    "project_number": "1027302389715",
    "project_id": "crud-2ddb3",
    "storage_bucket": "crud-2ddb3.appspot.com"
  },
  "client": [
    {
      "client_info": {
        "mobilesdk_app_id": "1:1027302389715:android:bd52bfd7a04b89e7f8a126",
        "android_client_info": {
          "package_name": "com.cristina.meucrud"
        }
      },
      "oauth_client": [
        {
          "client_id": "1027302389715-4uu2a0k9dncgohjesg10n2vt1v5aet53.apps.googleusercontent.com",
          "client_type": 1,
          "android_info": {
            "package_name": "com.cristina.meucrud",
            "certificate_hash": "4a59e93d43ee394a5049286f1d53916ec229a750"
          }
        },
        {
          "client_id": "1027302389715-f3fcj5sns0qlgihjt2mcg2q91sut3hd4.apps.googleusercontent.com",
          "client_type": 3
        }
      ],
      "api_key": [
        {
          "current_key": "AIzaSyBJWgWXJ0wHHiqrSJbRzKilOPRgwYFwJJs"
        }
      ],
      "services": {
        "appinvite_service": {
          "other_platform_oauth_client": [
            {
              "client_id": "1027302389715-f3fcj5sns0qlgihjt2mcg2q91sut3hd4.apps.googleusercontent.com",
              "client_type": 3
            }
          ]
        }
      }
    }
  ],
  "configuration_version": "1"
}